1,Dr.LOVE,DANCE POP,baby weapon feat.Asuka.M,1
2,GAMBOL,BIG BEAT,SLAKE,1
3,GRADIUSIC CYBER,DIGI-ROCK,TAKA,1
4,R3,RAVE,tiger YAMATO,1
5,22DUNK,TECHNO,SLAKE,1
6,5.1.1.,PIANO AMBIENT,dj nagureo,1
7,BRILLIANT 2U,EURO GROOVE,NAOKI,1
8,deep in you,DANCE POP,dj nagureo,1
9,GENOM SCREAMS,TRANCE,L.E.D.LIGHT,1
10,KEEP ON MOVIN',DANCE POP,N.M.R.,1
11,Macho Gang,TRIBAL HOUSE,ANAL SPYDER,1
12,PARANOIA MAX～DIRTY MIX～,JUNGLE,190,1
13,RUGGED ASH,FUTURE JAZZ,SYMPHONIC DEFOGGERS,1
14,THE EARTH LIGHT,TRANCE,L.E.D.LIGHT,1
15,Dancin' Into The Night,DISCO,good-cool,2
16,Digital MinD(A/T Libra mix),MINIMAL,TaQ,2
17,Electro Tuned(the SubS mix),BIG BEAT,TaQ,2
18,Indigo Vision(full flavour hide around mix),GOA TRANCE,TaQ,2
19,I Was The One,ITALO HOUSE,good-cool,2
20,PUT YOUR FAITH IN ME(for beatmania II),JAZZ FUNK,dj TAKA feat. UZI-LAY,2
21,SP-TRIP MACHINE(for beatmania II),JUNGLE,dj TAKA feat. DE-SIRE,2
22,.59,CHILL OUT,dj TAKA,2
23,CAN'T STOP FALLIN'IN LOVE,HYPER EUROBEAT,NAOKI,3
24,Don't Stop!,HAPPY HANDBAG,dj TAKA feat. JP Miles,3
25,era (nostalmix),DRUM'N'BASS,TaQ,3
26,Holic,HARD TECHNO,TaQ,3
27,LEADING CYBER,DIGI-ROCK,dj TAKA,3
28,Presto,PIANO AMBIENT,Osamu Kubota,3
29,R5,RAVE,tigerYAMATO with ultrabeatbox,3
30,REINCARNATION,TRANCE,dj TAKA,3
31,Schlagwerk,BIG BEAT,TaQ,3
32,Skyscraper,EPIC HOUSE,good-cool,3
33,Tangerine Stream,AMBIENT,dj TAKA,3
34,THE SAFARI,WORLD HOUSE,Lion Musashi,3
35,ABSOLUTE,EPIC TRANCE,dj TAKA,4
36,B4U,SPEED RAVE,NAOKI,4
37,Broken My Heart,HYPER EUROBEAT,NAOKI feat.PAULA TERRY,4
38,Burnin' The Floor,EURO GROOVE,NAOKI,4
39,CHECKING YOU OUT,HIP HOP,good-cool feat. JP Miles,4
40,Clione,DUTCH TRANCE,kors k,4
41,DXY!,TECHNO,TaQ,4
42,empathy,DRUM'N'BASS,TaQ,4
43,era (step mix),DRUM'N'BASS,TaQ,4
44,FLOWERS for ALBION,AMBIENT,dj TAKA,4
45,HIGHER,DANCE POP,NM feat. Sunny,4
46,Hitch Hiker2,WARP HOUSE,good-cool,4
47,Jam&Marmalade,WARP HOUSE,FinalOffset,4
48,KAMIKAZE,TECHNO,dj nagureo,4
49,LOVE WILL・・・,TRANCE,riewo,4
50,minimalian,MINIMAL,DETROIAN,4
51,Mr.T.(take me higher),DANCE POP,Risky Men feat.Asuka-M,4
52,Nasty!,DANCE POP,Baby Weapon feat.Asuka M,4
53,starmine,HAPPY HARDCORE,Ryu☆,4
54,SWEET LAB,LOUNGE HOUSE,DJ SIMON,4
55,ULTRA HIGH-HEELS,PARAPARA,dj TAKA feat.ANGEL,4
56,Voltage (feat. Hidemaru),BIG BEAT,TaQ,4
57,250bpm,GABBA,AKIRA YAMAOKA,4
58,Abyss,INTELLIGENCE,dj TAKA,5
59,in my eyes,TRANCE,ric,5
60,LOVE AGAIN TONIGHT～for Mellisa mix～,HYPER EUROBEAT,NAOKI feat.PAULA TERRY,5
61,outer wall,TECHNO,sampling masters MEGA,5
62,QQQ,TECHNO,TaQ,5
63,Radical Faith,BIG BEAT,TaQ,5
64,Real,DRUM'N'BASS,Aya,5
65,Regulus,INSTRUMENTAL,DJ.W,5
66,RIDE ON THE LIGHT (HI GREAT MIX),POWER FUSION,Mr.T,5
67,RISLIM,NEW ROMANTIC,ric,5
68,Spin the disc,HOUSE,good-cool,5
69,STILL IN MY HEART,HYPER EUROBEAT,NAOKI,5
70,still my words,AMBIENT,TaQ feat. Meg,5
71,sync,TRANCE,OutPhase (TaQ/dj TAKA),5
72,THE CUBE,DRUM'N'BASS,DJ SUWAMI,5
73,THE SHINING POLARIS,EPIC TRANCE,L.E.D. feat. Sana,5
74,V,PROGRESSIVE,TAKA,5
75,BALLAD FOR YOU～想いの雨～,BALLAD,NM feat.Thomas Howard,6
76,Blueberry Stream,HOUSE,dj TAKA,6
77,Buffalo,ROCK,good-cool feat. Hideo Suwa,6
78,Colors (radio edit),TRANCE,dj TAKA,6
79,DIVE ～INTO YOUR HEART～,HYPER TRANCE EURO BEAT,NAOKI feat.PAULA TERRY,6
80,fly through the night,TRANCE,Mr.T,6
81,Free Style,DANCE POP,Shapes,6
82,Frozen Ray (original mix),TRANCE,dj TAKA,6
83,G2,DRUM'N'BASS,Aya,6
84,Linus,LOUNGE POP,LEGO STUDIO,6
85,NEMESIS,TECHNO,D.J.SETUP,6
86,route 80s,NOISY,sampling masters MEGA,6
87,rottel-da-sun,ROTTERDAM TECHNO,sampling masters MEGA,6
88,SOMETHING WONDERFUL,EPIC TRANCE,L.E.D.,6
89,Summer Vacation(CU mix),TRIP HOP,OutPhase,6
90,Take It Easy,INSTRUMENTAL,Aya,6
91,"19,November",HOUSE,good-cool,6
92,こっちを向いてよ,SOUL,vivi,6
93,電人イェーガーのテーマ(Theme of DENJIN J),NU-NRG,L.E.D.,6
94,A,RENAISSANCE,D.J.Amuro,7
95,AVE DE RAPINA,ALTERNATIVE HOUSE,Shawn The Horny Master,7
96,Bad Routine,FILTER HOUSE,D.J. Spugna,7
97,Burning Heat! (Full Option Mix),12 BEAT,Mr.T with Motoaki.F,7
98,Cheer Train,BIG BEAT,Fuzita Blender,7
99,D2R,HYPER ROCK BEAT,NAOKI,7
100,DESTINY,HYPER EUROBEAT,NAOKI feat.Paula Terry,7
101,foreplay,PROGRESSIVE JAZZ,Osamu Kubota,7
102,Glorious Days,HIP HOP&SOUL,Noria,7
103,Happy Wedding,HOUSE,ASKA,7
104,Last Message,EUROBEAT,good-cool feat. Meg,7
105,Let the Snow Paint Me,AMBIENT POP,Sana,7
106,Love Me Do,NEW WAVE,AKIRA YAMAOKA,7
107,MAX 300,HARDCORE TECHNO,Ω,7
108,Spica,HOUSE,D.JW,7
109,stoic,TECHNO,TaQ,7
110,Tomorrow Perfume,TRANCE,dj TAKA,7
111,traces,TRANCE,TaQ,7
112,ZERO-ONE,ELECTROSHOCK,Mr.T,7
113,革命,ORCHESTRAL,dj TAKA with NAOKI,7
114,abstract,BIG BEAT,TaQ,8
115,airflow,INSTRUMENTAL,Mr.T,8
116,ALL RIGHT,DRUM'N'BASS,RAM,8
117,Attitude,TRANCE,Y&Co.,8
118,bit mania,テクノ歌謡,AKIRA YAMAOKA,8
119,Blame,EUROBEAT,good-cool feat. Jeff Coote,8
120,CELEBRATE NITE,EURO GROOVE,N.M.R,8
121,Colors -Y&Co. Eurobeat Remix-,EUROBEAT,dj TAKA (remixed by 横田商会),8
122,dual control,GARAGE HOUSE,Mr.T,8
123,Giudecca,PSYCHEDELIC TECHNO,D.J.SETUP,8
124,Halfway of promise,GIRL ROCK,Yu Takami feat. Shihori Nakane,8
125,HYPER BOUNDARY GATE,GOA TRANCE,L.E.D.LIGHT,8
126,LAB,RAVE,RAM,8
127,LOVE IS ORANGE,HARD CHANSON,Orange Lounge,8
128,Luv 2 Feel Your Body,2 STEP,Shoichiro Hirata,8
129,memories,BEAT ROCK,TAKA,8
130,Monkey Dance,EUROBEAT,Y&Co.,8
131,murmur twins,CUDDLECORE,yu_tokiwa.djw,8
132,MUSIC TO YOUR HEAD,TECHNO,SLAKE,8
133,PLEASE DON'T GO,DISCO,ASLETICS,8
134,rainbow flyer,TRANCE,dj TAKA,8
135,STAR DREAM,TRANCE,PINK PONG,8
136,symbolic,TECHNO,TaQ,8
137,thunder,HOUSE,Lion MUSASHI,8
138,WAR GAME,HIP HOP,ASLETICS,8
139,World Wide Love,POPS,MTO,8
140,xenon,ELECTROSHOCK,Mr.T,8
141,蒼い衝動,J-TRANCE,NAOKI feat.YUKI,8
142,合体せよ！ストロングイェーガー！！,NU-NRG,L.E.D.,8
143,桜,SPIRITUAL,Reven-G,8
144,Abyss -The Heavens Remix-,TRANCE CORE,dj TAKA Remixed by Ryu☆,9
145,ACT,RAVE,RAM,9
146,BAD BOY BASS!! (dj Remo-con MIX),NRG,Y&Co.,9
147,bag,SPIRITUAL,Reven-G,9
148,BRIGHTNESS DARKNESS,ROCOCO TEK,SPARKER,9
149,Cradle,HEALIN' HARDCORE,positive MA feat.akino,9
150,Distress,MIXTURE,dj TAKA Remixed by TaQ,9
151,e-motion 2003 -romantic extra-,TRANCE,e.o.s. Remixed by dj TAKA,9
152,Golden Horn,TURKISH PIANO'N'BASS,Osamu Kubota,9
153,HYPER EUROBEAT (2DX style),EUROBEAT,NAOKI feat.PAULA TERRY,9
154,I Was The One (80's EUROBEAT STYLE),EUROBEAT,good-cool Remixed by NAOKI,9
155,Karma,DRUM'N'BASS,TaQ,9
156,Let The Snow Paint Me -Y&Co. Remix-,TRANCE,Sana Remixed by Y&Co.,9
157,lights,SOUL,flare,9
158,LOVE SHINE,J-HAPPY HARDCORE,小坂りゆ,9
159,lower world,TECHNO,D.J.SETUP,9
160,Make A Difference,GOSPEL,Lala Moore with CoCoRo*Co,9
161,MARIA (I believe... ),EUROBEAT,NAOKI feat.PAULA TERRY,9
162,moon_child,POST ROCK,少年ラジオ,9
163,one or eight,HARDCORE RAVE,sampling masters AYA,9
164,quasar,TRANCE,OutPhase,9
165,Quickening,PSYCHEDELIC,dj TAKA,9
166,Really Love,R&B,大部真由美,9
167,RISLIM -Remix-,ELECTRO 2 STEP,ric Remixed by Hisashi Nawata,9
168,rottel-the-Mercury,GABBA,sampling masters MEGA,9
169,Silvia Drive,HAPPY HANDBAG,dj TAKA feat.Noria,9
170,SNOW,DRUM'N'BASS,RAM,9
171,STAR FIELD,TRANCE,SADA,9
172,Sweet Sweet Magic,HAPPY HARDCORE,jun,9
173,SWEETEST SAVAGE,HIPHOP,ASLETICS,9
174,真夏の花・真夏の夢,HOUSE,Sana,9
175,ライオン好き,ボデー,AKIRA YAMAOKA,9
176,ALIEN TEMPLE,PSYCHEDELIC TRANCE,PINK PONG,10
177,ASTRAL VOYAGE,DREAM TECHNO,EeL,10
178,BABY LOVE,ITALO POP,Noria,10
179,Back Into The Light,2STEP POP TRANCE,Sota Fujimori,10
180,Boundary,ROCOCO TEK,SPARKER,10
181,CARRY ON NIGHT (English version),EUROBEAT,platoniX (EURO style),10
182,Daisuke,EUROBEAT,Y&Co.,10
183,Debtty Daddy,ETHNO HARDCORE,sampling masters AYA,10
184,desolation,PIANO BALLADE,Mr.T,10
185,DoLL,HYPER J-POP FOUR,TЁЯRA,10
186,EXE,ELECTROSHOCK,Mr.T,10
187,Feedback,BREAK BEATS,Audio Highs,10
188,FEEL IT,DRUM'N'BASS,RAM,10
189,Freezing atmosphere,NATURAL SOUND,Twin AmadeuS,10
190,GHOST REVIVAL,GOA TRANCE,L.E.D.,10
191,GRADIUS -FULL SPEED-,GAME MUSIC,Mr.T,10
192,HIGH,RAVE,RAM,10
193,Innocent Walls,TECHNO,TaQ,10
194,Love Is Eternity,TRANCE,kors k,10
195,LOW,RAVE,RAM,10
196,Lucy,DANCE POP,ELE BLOCK,10
197,Narcissus At Oasis,ARTCORE,Ryu☆,10
198,No.13,PROGRESSIVE BAROQUE,TAKA respect for J.S.B.,10
199,One More Lovely,HAPPY,Risk Junk,10
200,pandora,TRANCE,dj TAKA feat.Tomomi,10
201,rainbow rainbow,HAPPY HARDCORE,Ryu☆,10
202,Rise'n Beauty,TRANCE,Sota feat. Cyborg Akemi,10
203,SHOOTING STAR,J-POP,小坂りゆ,10
204,SPACE FIGHT,戦艦テクノ,AKIRA YAMAOKA,10
205,1st Samurai,お江戸テクノ,sampling masters MEGA,10
206,システムロマンス,ムートラ（ムードトランス）,ヒロシ＆チー子,10
207,雪月花,HARD HOUSE,Ryu☆,10
208,AA,RENAISSANCE,D.J.Amuro,11
209,AGEHA,HAPPY HARDCORE,Ryu☆,11
210,ANDROMEDA,PSYCHEDELIC GOA TRANCE,Sota Fujimori,11
211,awakening,TRANCE,AKIRA YAMAOKA,11
212,Be quiet,HARD DANCE,Ryu☆,11
213,BLOCKS,TRANCE,SPARKER,11
214,BREATH,ROCOCO TEK,SPARKER,11
215,Click Again,CLICK HOUSE,dj REMO-CON,11
216,Close my Eyes for Me,AMERICA,D-crew feat.DENNIS GUNN (DJ Yoshitaka SCRATCHING),11
217,D.A.N.C.E.!,J-POP,DJ Yoshitaka feat.星野奏子,11
218,Don't be afraid myself,J-POP,platoniX with ray.D,11
219,earth scape,PIANO BALLAD,dj TAKA,11
220,FAKE TIME,HARD ROCK,dj REMO-CON,11
221,Fly Away To India,DANCE POP,Baby Weapon feat.KAJIL,11
222,GENOCIDE,DRUM'N'BASS,dj Killer,11
223,gigadelic,NUSTYLE GABBA,teranoid feat.MC Natsack,11
224,HORIZON,HAPPY HARDCORE,LIA,11
225,KEY,BEAT ROCK,colors,11
226,NEBULA GRASPER,PSYCHEDELIC TRANCE,L.E.D.,11
227,Raspberry Heart(English version),COLORFUL HARDCORE,jun feat. PAULA TERRY,11
228,RED ZONE,SPEED RAVE,Tatsh&NAOKI,11
229,RESONATE 1794,HARD SONATA,KOHTA,11
230,Secret of Love,DRUM'N'BASS,D.J.SWAN,11
231,SPEEDY CAT,EUROBEAT,Y&Co.,11
232,Sphere,MEDIEVAL CHOIR,Tatsh feat. K.Nayuki,11
233,spiral galaxy,PSYCHEDELIC TECHNO,D.J.SETUP,11
234,The Hope of Tomorrow,CYBORG TRANCE,Sota Fujimori,11
235,ＵＬＴｉＭΛＴＥ,HYPER J-POP FIVE,TЁЯRA,11
236,Wonder Bullfighter,NATURAL SOUND,Twin AmadeuS,11
237,大桟橋,JAPAN,ウッチーズ,11
238,太陽～T・A・I・Y・O～,CYBER J-EURO,NAOKI feat.星野奏子,11
239,ピアノ協奏曲第１番”蠍火”,DIRGE,virkato,11
240,Agnus Dei,GOTHIC METAL,あさき,12
241,alla turca con passione,NATURAL SOUND,Twin AmadeuS,12
242,Aurora,TRANCE CORE,Ryu☆,12
243,CaptivAte～浄化～,NOSTALISH REQUIEM,A/I,12
244,Catch Me,ACID JAZZ,DJ Yoshitaka feat. ERi,12
245,double thrash,BATTLE2005,414,12
246,EDEN,HYPER J-POP SIX,TЁЯRA,12
247,EMPTY OF THE SKY,E-ROCK,AKIRA YAMAOKA,12
248,First Resolution,TECHNO RAVE,good-cool,12
249,garden,SWING WALTZ,青野りえ,12
250,Get'em up to R.A.V.E,RAVE,Disconation,12
251,HAPPY☆ANGEL,HAPPY HARDCORE,jun with TAHIRIH,12
252,I am,CYBER J-ROCK,有沢みはる from BeForU,12
253,in motion,CLICK HOUSE,Ryu☆,12
254,INAZUMA,TRANCE,dj TAKA,12
255,LESSON 5,HAPPY EXTREME,Risk Junk feat.Erika Mochizuki,12
256,Little Little Princess,PUNK OPERA,SHRINE 418,12
257,Love Magic,DRUM'N'BASS,D.J.SWAN,12
258,MOON RACE,FUTURE HOUSE,ELEKTEL,12
259,Pink Rose,HEART,Kiyommy＋Seiya,12
260,PLASMA,SYNTHESIZED TECHNO,Sota Fujimori,12
261,Pollinosis,HARD DANCE,dj REMO-CON,12
262,POODLE,EUROBEAT,Y&Co.,12
263,rage against usual,DIGI-ROCK,dj TAKA feat.Gt.Shintaro,12
264,SCREAM SQUAD,BREAKCORE,CALF,12
265,Scripted Connection⇒ A mix,TECHNO,DJ MURASAME,12
266,Scripted Connection⇒ H mix,TECHNO,DJ MURASAME,12
267,Scripted Connection⇒ N mix,TECHNO,DJ MURASAME,12
268,SigSig,MAKINA,kors k,12
269,Tizona d'El Cid,MPB,TOMOSUKE,12
270,Twelfth Style,HAPPY EURO PARADISE,Tatsh&DAYBREAKERS NEXT,12
271,Under the Sky,J-EUROTRANCE,南さやか(BeForU) with platoniX,12
272,vault of heaven,ELECTROSHOCK,Mr.T,12
273,Votum stellarum,ANTHEM TRANCE,iconoclasm,12
274,We are Disっ娘よっつ打ち命,DISCO,DANCE☆MAN feat. Disっ娘,12
275,Xepher,MEDIEVAL CHOIR,Tatsh,12
276,100％ minimoo-G,SYNTHETIC PROGRESSIVE ROCK,Sota Fujimori,12
277,オレはビートマニア！お前は何マニア？,FUNK,DANCE☆MAN,12
278,合体せよ！ストロングイェーガー！！ (Ryu☆ remix),HARD DANCE,L.E.D. / Remixed by Ryu☆,12
279,月光,J-EUROBEAT,Tatsh feat. 星野奏子,12
280,ヒマワリ,J-HAPPY HARDCORE,小坂りゆ,12
281,冥,HUMAN SEQUENCER,Amuro vs Killer,12
282,ラクエン,REGGAE,Chonan Chiharu,12
283,ALFARSHEAR 双神威に廻る夢,HYPER J-POP SEVEN,TЁЯRA,13
284,Apocalypse ～dirge of swans～,ORATORIO,Zektbach,13
285,BALLAD THE FEATHERS,CELTIC REEL,S.S.D.FANTASICA feat.Naomi Koizumi,13
286,Bloody Tears(IIDX EDITION),HARD RENAISSANCE,DJ YOSHITAKA,13
287,BOOM BOOM DISCO NIGHT,EUROBEAT,Y&Co.,13
288,Broadbanded,TRANCE,SADA,13
289,Concertino in Blue,PROGRESSIVE,佐々木博史,13
290,CONTRACT,SUBLIME TECHNO,朱雀,13
291,D.C.fish,TECHNO,DJ MURASAME,13
292,Double Loving Heart,J-POP,Tatsh feat. Junko Hirata ＆ Sayaka Minami,13
293,DUE TOMORROW,TECHNO,Mr.T,13
294,EURO-ROMANCE,80´s TECHNO,K-MASERA,13
295,Ganymede,ESOTERIC SLOWCORE,玄武,13
296,Harmony and Lovely,PROGRESSIVE HOUSE,Ryu☆,13
297,Heavenly Sun (IIDX VERSION),TRANCE,AKIRA YAMAOKA,13
298,INFERNO,BRAZILIAN HOUSE,Caldeira feat.星野奏子,13
299,Leaving...,SYMPHONIC EURO,"SEIYA MURAI meets ""eimy""",13
300,Melody Life,NEW ACOUSTIC,Noria,13
301,MINT,ELECTRONICA,SLAKE,13
302,MOON,哀愁ユーロ,dj TAKA feat.Erika Mochizuki,13
303,Power of Love,2 STEP,kors k feat.PSY,13
304,So Fabulous !!,BUCHIAGE TRANCE,HHH (Ryu☆ & Dai),13
305,Sun Field,HAPPY POP,mh sequence,13
306,The Dirty of Loudness,SADISTIC HARDCORE,Tatsh Assault X,13
307,This is Love,CORE POP,D-crew feat.MAKOTO,13
308,tripping contact,FREEFORM,kors k vs teranoid,13
309,tripping contact(teranoid&MC Natsack Remix),GABBA,kors k vs teranoid,13
310,TYPE MARS(G-Style Mix),PSYCHEDELIC TRANCE,L.E.D.,13
311,waxing and wanding,DANCE SPEED,青龍,13
312,Why did you go away,LOVERS EUROBEAT,jun with TAHIRIH,13
313,WISH(EUROBEAT MIX),EUROBEAT,DJ YOSHITAKA feat.杉村ことみ,13
314,with you…,FUNK´N JAZZ HOUSE,Sota Fujimori,13
315,Zenius -I- vanisher,CYBER OPUS,Tatsh,13
316,カゴノトリ～弐式～,和式電子音楽,橙色特別室,13
317,華蝶風雪,ASIAN MIXTURE,白虎,13
318,タシカナモノ,POPROCK,星野奏子 with the BAND,13
319,嘆きの樹,CONTEMPORARY,金獅子,13
320,虹色,LOVELY TRANS POP,DJ YOSHITAKA feat. G.S.C license,13
321,罠,DRUM´N´ROCK,good-cool,13
322,Air Bell,FLOW POP,D-crew,14
323,ANDROMEDA II,PSYCHEDELIC SYNTH TRANCE,Sota Fujimori,14
324,"Blind Justice ～Torn souls, Hurt Faiths ～",EPIC POETRY,Zektbach,14
325,Candy Galy,HAPPY,Risk Junk-G,14
326,CaptivAte～裁き～,NOSTALISH REQUIEM,DJ YOSHITAKA feat.A/I,14
327,CaptivAte～誓い～,NOSTALISH REQUIEM,A/I,14
328,CROSSROAD ～Left Story～,DRAMATIC EURO TRANCE,jun with TAHIRIH,14
329,Cyber Force,CYBORG TRANCE,Sota Fujimori feat.cyborg AKEMI,14
330,Fascination MAXX,SuperNOVA BEAT,100-200-400,14
331,FIRE FIRE,BUCHIAGE TRANCE,StripE,14
332,four-leaf,ROCK,Sis Bond Chit,14
333,GOLD RUSH,RECKLESS RAVE,DJ YOSHITAKA-G feat.Michael a la mode,14
334,GRID KNIGHT,ELECTRONICA,SAW WAVE SQUAD,14
335,heaven above,FILTER HOUSE,kors k,14
336,High School Love,HIGH SPEED LOVE SONG,DJ YOSHITAKA feat.DWP,14
337,INORI,MILLENNIUM TRANCE,dj TAKA feat.HAL,14
338,KAMAITACHI,FREEFORM HARDCORE,DJ TECHNORCH fw. GUHROOVY,14
339,LASER CRUSTER,NU-SKOOL BREAKS,L.E.D.,14
340,Love Again...,POPS,Tatsh feat. Junko Hirata,14
341,Make Me Your Own,HOUSE,good-cool ft. Raj Ramayya,14
342,METALLIC MIND,OLDSKOOL HARDCORE RAVE,DJ TECHNORCH fw. GUHROOVY,14
343,never…,DANCE POP,Kanako Hoshino with dj TAKA,14
344,PHOTONGENIC,DRUM & BASS,L.E.D. fw.堀澤麻衣子,14
345,Roulette,EUROBEAT,Y&Co.,14
346,Second Heaven,HANDZ UP,Ryu☆,14
347,Sense 2007,RAVE,good-cool,14
348,smile,ELE POP,miru_maki.gjw,14
349,snow storm,TRANCE,dj TAKA,14
350,the shadow,SCHRANZ,kors k,14
351,The Smile of You,POP,猫叉Master feat.JESSY,14
352,TRANOID,PSG WORKS,T&S seq. factory,14
353,VANESSA,DECEPTIVE GABBA,朱雀,14
354,Watch out!!,HIP HOP,MAD Sequence*,14
355,With your Smile,J-HOUSE,Shoichiro Hirata plus Junko Hirata,14
356,X-rated,RETRO RAVE,SADA,14
357,クルクル☆ラブ～Opioid Peptide MIX～,FUTURE POP,イオンチャンネル,14
358,零 - ZERO -,HYPER J-POP ZERO,TЁЯRA,14
359,電人、暁に斃れる。,NU-NRG,L.E.D.-G,14
360,花吹雪 ～ IIDX LIMITED ～,JAPANESE ALTERATION,S.S.D.FANTASICA feat.ユッコ,14
361,星をこの手に,J-POP,DJ YOSHITAKA feat.星野奏子,14
362,ヨシダさん,TECHNO,AKIRA YAMAOKA,14
363,リグレット,EURO TRANCE,星野奏子,14
364,"Anisakis -somatic mutation type""Forza""-",HARD RENAISSANCE,朱雀,15
365,avant-guerre,CLASSICAL PIANO SOLO,Osamu Kubota,15
366,beatonic nation,TECH-TRONIKA,Sota Fujimori,15
367,Be OK,EUROBEAT,good-cool ft. Florence,15
368,Blue Rain,TRANCE,dj TAKA VS Ryu☆,15
369,Darling my LUV,J-R&B,DJ Yoshitaka feat.B-Agents,15
370,Dazzlin' Darlin,HANDZ UP,HHH,15
371,Digitank System,TECH-BREAKBEATS,DJ Mass MAD Izm*,15
372,Do it!! Do it!!,N-BEATS,Kraken,15
373,end of world,FRENZY HOUSE,猫叉Master+,15
374,evergreen,PROG,kors k,15
375,four pieces of heaven,JUNGLE,Lion,15
376,Freeway Shuffle,TRANCE,dj TAKA,15
377,ICARUS,NU-SKOOL BREAKBEATS HARDCORE,Eagle,15
378,in the Sky,HAPPY HARDCORE,Ryu☆,15
379,Kick Out 仮面,E-DANCE POP,"上野圭市(aka. Babyweapon,DJ SWAMI)feat.星野奏子",15
380,LOVELY STORM,HAPPY HARDCORE,L.E.D.-G,15
381,madrugada,PROGRESSIVE HOUSE,PINK PONG,15
382,MAX LOVE,LOVELY BUCHIAGE POP,DJ YOSHITAKA feat.星野奏子,15
383,MENDES,IRREGULAR HI-BREAK,Humanoid,15
384,MENTAL MELTDOWN,HARD HOP,GUHROOVY fw.TECHNORCH,15
385,NEW GENERATION -もう、お前しか見えない-,ONLY ONE EURO BEAT,SUPER STAR 満-MITSURU-,15
386,oratio,HYMNUS,蓑舞衆,15
387,PARANOiA ～HADES～,SUPERNOVA2 BEAT #1,αTYPE-300,15
388,PROMISE FOR LIFE,BALLAD,TЁЯRA WORKS,15
389,REMINISCENCE,TRI EURO FANTASIA,jun with Alison,15
390,Ristaccia,OUVERTÜRE,Zektbach,15
391,"satellite020712 from ""CODED ARMS""",HARD HOUSE,猫叉Master,15
392,satfinal,RAVE,RAM,15
393,scar in the earth,WORLD/ELECTRONICA,猫叉Master,15
394,SOUND OF GIALLARHORN,FREEFORM HARDCORE,L.E.D.-G,15
395,State Of The Art,TECHNOTRONICA,Sota Fujimori feat. cyborg AKEMI,15
396,STEEL NEEDLE,BREAK CORE,Scorpion,15
397,switch,ULTIMATE J-POP,DAISUKE ASAKURA ex.TЁЯRA,15
398,THE DEEP STRIKER,NU STYLE GABBA,L.E.D.-G,15
399,the trigger of innocence,ETHNOTRONICA,Seiya Murai,15
400,Time to Air,DANCE SPEED,青龍,15
401,TROOPERS,ULTIMATE CORE,Des-TRACT,15
402,Ubertreffen,PROGRESSIVE BAROQUE,TAKA respect for J.S.B.,15
403,Wanna Party?,PIANO HOUSE,RAM,15
404,2 tribe 4 K,TRIBAL,Remo-con,15
405,エコ爺,80´s EURO,Y&Co.,15
406,少年A,POST RENAISSANCE,Remixed by 少年ラジオ,15
407,走馬灯 -The Last Song-,SOLDIER´S BALLAD,TAKA,15
408,華爛漫 -Flowers-,HYPER JAPANESQUE 2,TЁЯRA,15
409,マチ子の唄,EDUCATION,AKIRA YAMAOKA,15
410,ミラージュ・レジデンス,FUSION,Jimmy Weckl,15
411,ALL I NEED YOUR LOVE,HARD CORE,GUHROOVY fw. M-Project,16
412,ALL MY TURN -このターンに、オレの全てを賭ける-,ONLY ONE EURO BEAT,SUPER STAR 満-MITSURU-,16
413,Arabian Rave Night,ARABIC HARDCORE,dj MAX STEROID,16
414,B4U(BEMANI FOR YOU MIX),RECKLESS RAVE,Remixed by DJ YOSHITAKA with Michael a la mode,16
415,Bahram Attack-猫叉Master Remix-,HOUSE,猫叉Master feat.JUNE,16
416,BITTER CHOCOLATE STRIKER,JUMPSTYLE,L.E.D.-G,16
417,BRIDAL FESTIVAL !!!,HAPPY ☆ JIG,S.S.D. with ななっち,16
418,CaptivAte2～覚醒～,NOSTALISH REQUIEM,e-lma,16
419,Colorful Cookie,HAPPY HARDCORE,Lucky Vacuum,16
420,Cyber Force -DJ Yoshitaka Remix-,BUCHIAGE TRANCE,Remixed by DJ YOSHITAKA,16
421,Flash Back 90's,MEGA MIX,kors k as disconation,16
422,Fly Above,DREAM TRANCE,Sota Fujimori,16
423,Go Beyond!!,TRANCE CORE,Ryu☆ Vs. Sota,16
424,HYPERION,MORNING FULL ON,L.E.D.,16
425,I'm Screaming LOVE,TECHNO POP,Creative Life,16
426,Jack,MIXTURE,DesQ,16
427,Just a Little Smile,NU SKOOL BREAKS,Sota Fujimori,16
428,Kung-fu Empire,ASIAN JANGLE,飛燕流舞,16
429,Mind Mapping,ELECTRO-TECH,Ryu☆,16
430,Monkey Dance '09,EUROBEAT,Y&Co. Feat. DOMINO,16
431,MY FUTURE,TRANCE,PINK PONG,16
432,naughty girl@Queen's Palace,TECH-BREAKBEATS,DJ Mass MAD Izm*,16
433,neogenesis,ENERGETIC TRANCE,DM Ashura,16
434,NΦ CRIME,DANCE MUSIC OF SORROW,C×F,16
435,Programmed World,PSY TRANCE(FULL ON),kors k as StripE,16
436,Punch Love 仮面,E-DANCE POP,"上野圭市(aka. Babyweapon,DJ SWAMI)feat.星野奏子",16
437,Queen's Tragedy,BIGBEAT,猫叉Master+,16
438,Secrets,TECH-PARA,good-cool ft. CHiCO,16
439,smooooch・∀・,CANDY RAVE,kors k,16
440,SOLITON BEAM,TECHNO,L.E.D.,16
441,THANK YOU FOR PLAYING,ONLY ONE EPILOGUE,SUPER STAR 満-MITSURU-,16
442,Turii ～Panta rhei～,ELEMENTAL CHANT,Zektbach,16
443,V2,PROGRESSIVE,TAKA,16
444,Y&Co. is dead or alive,90's RAVE,Y&Co.,16
445,"You'll say ""Now!""",ONLY ONE TECHNO,BLACK STAR 幸広-YUKIHIRO-,16
446,3y3s,DANCE SPEED,青龍,16
447,翼,J-TRANCE,小林ゆう,16
448,鉄甲乙女-under the steel-,IRON CONCERTO,Seiya Murai,16
449,天空脳番長危機十六連打,RAGE AGAINST EMPRESS,D.J.SETUP,16
450,ハリツヤランデヴー,HOU-ROCK,Des-MASTERS,16
451,卑弥呼,ESOTERIC SPEEDCORE,朱雀 VS 玄武,16
452,不沈艦CANDY,HARDCORE,Risk Junk,16
453,まほろば,J-DANCE POP,HHH+H,16
454,ミッドナイト堕天使,TRENDY TECHNO,Dr. Honda,16
455,山岡晃の「クイズ！家事都合！」,ポップス,AKIRA YAMAOKA feat.喜屋武ちあき,16
456,凛として咲く花の如く,撫子ロック,紅色リトマス,16
457,AIR RAID FROM THA UNDAGROUND,SPEEDCORE,GUHROOVY,17
458,Almagest,AKASHIC RECORDS,Galdeira,17
459,Bad Maniacs,INDUSTRIAL,kors k as teranoid,17
460,bass 2 bass,BUBBLEGUM DANCE,Ryu☆,17
461,beatchic☆仮面～好き、でいさせて～,E-DANCE POP,上野圭市(transforming into Masao♥Lovely)feat.星野奏子,17
462,BEAUTIFUL ANGEL,DRUM'N'BASS,DJ SWAN[A] DJ SWAN (Toshiaki Komiya & Keiichi Ueno),17
463,being torn the sky,ELECTRO POP,猫叉Master+ feat.JUNE,17
464,bloomin' feeling,HAPPY HARDCORE,Ryu☆,17
465,CaptivAte～裁き～(SUBLIME TECHNO MIX),SUBLIME TECHNO,Remixed by DJ YOSHITAKA,17
466,D,NEXT SKOOL BREAKBEATS HARDCORE,Eagle,17
467,DAWN -THE NEXT ENDEAVOUR-,DRUM & BASS,L.E.D. fw.堀澤麻衣子,17
468,Dazzlin' Darlin-秋葉工房mix-,EUROBEAT,Remixed by DJ Command,17
469,DESIRE,UK HARDCORE,M-Project fw. GUHROOVY,17
470,DOMINION,HARDCORE,L.E.D.-G,17
471,DROP,WHITE SEQUENCE,dj TAKA feat.Kanako Hoshino,17
472,Elisha,TRANCE CORE,DJ YOSHITAKA,17
473,Empire State Glory,CYBERPUNK,Dirty Androids,17
474,eRAseRmOToRpHAntOM,HARDCORE,L.E.D.-G VS GUHROOVY,17
475,Evans,HARD RENAISSANCE,DJ YOSHITAKA,17
476,EXUSIA,HARDCORE,L.E.D.-G,17
477,G59,EXPERIMENTAL MUSIC,怒れる金の獅子,17
478,GALGALIM,HARDCORE TECHNO,L.E.D.,17
479,GOLDEN CROSS,TECHNO,dj REMO-CON VS dj TAKA,17
480,Hydrogen Blueback,TECH DANCE,MAD CHILD,17
481,IN THE NAME OF LOVE,EUROBEAT,Y&Co.feat.Erica,17
482,Keep it-秋葉工房mix-,EUROBEAT,DJ Command feat. NAGISA,17
483,Last Burning,ELECTRO,Dirty Androids,17
484,Light Shine,BUBBLEGUM DANCE,Ryu☆,17
485,MIRACLE MEETS,BUCHIAGE TRANCE,Lucky Vacuum,17
486,mosaic,TECHNO POP SPEED,Auridy,17
487,NEW SENSATION -もう、あなたしか見えない-,ONLY ONE IDOL SONG,SUPER HEROINE 彩香-AYAKA-,17
488,NoN-Fiction Story!,TECHNO POP,Creative Life,17
489,Programmed Sun,PSY TRANCE(MORNING),kors k,17
490,quell～the seventh slave～,TRANCE,dj TAKA Vs. DJ YOSHITAKA,17
491,Raison d'etre～交差する宿命～,ASTRAL CHOIR,Zektbach,17
492,Red. by Full Metal Jacket,TECH-BREAKBEATS,DJ Mass MAD Izm*,17
493,Roots of my way!,ACTRESS,ナイア,17
494,Session 1 -Genesis-,ELECTRIC FUSION,PRASTIK DANCEFLOOR,17
495,She is my wife,ONLY ONE BALLAD,SUPER STAR 満-MITSURU-,17
496,SOLID STATE SQUAD,HARDSTYLE,kors k Vs. L.E.D.,17
497,Sorrows,EMO,Asako Yoshihiro,17
498,Special One,J-HOUSE,kors k feat. Suzuyo Miyamoto,17
499,THE LAST STRIKER,DRUM & BASS,L.E.D.,17
500,The Story Begins,EPIC TRANCE,SADA & Sota,17
501,かずあそび,INSANIO,CULTVOICE by S.S.D.PRODUCTS,17
502,コスモス,J-POP,TSU-NA,17
503,サヨナラ・ヘヴン,WORLD/ELECTRONICA,猫叉Master,17
504,"水上の提督(Short mix from ""幻想水滸伝V"")",WORLD/ELECTRONICA,猫叉Master,17
505,たからもの,POPS,セリカ＆エリカ,17
506,バビロニア,DISTORTED NEW AGE,劇団レコード,17
507,未来のプリズム,STARPOP,星野奏子,17
508,ワルツ第17番 ト短調”大犬のワルツ”,VALSE,virkato,17
509,Aegis,TECHNO,IT medalion,18
510,ALBIDA,HARD RENAISSANCE,DJ YOSHITAKA,18
511,Answer,STARPOP,星野奏子,18
512,ANTHEM LANDING,LATIN TEK,DJムラサメ,18
513,Believe In Me,HARDCORE,Uraken feat. Calyn Tsukishima,18
514,BLUST OF WIND,CROSSOVER HOUSE,Anemo=Aspel by MLREC.,18
515,Bounce Bounce Bounce,DANCEHALL,kors k feat.Kanata Okajima＆楽天斎,18
516,Breaking the ground,HARDCORE,Art of Fighters,18
517,Broken,TRANCE,dj TAKA feat.AiMEE,18
518,BROKEN EDEN,SYMPHONIC-TEK,MYTHOLOGIA by MLREC.,18
519,Dances with Snow Fairies,トレンディートランス,Dr.Honda,18
520,DAYDREAMER,GIRLY ROCK,ピンクターボ,18
521,Destiny Sword,ELECTRIC STEP,CAPACITY GATE,18
522,DM STAR～関西 energy style～,SPEED RAVE,NAOKI,18
523,ELECTRIC MASSIVE DIVER,GABBA,L.E.D.-G,18
524,Energy Drive,HARDCORE,kevin energy,18
525,Eternal Tears,WINTER BALLADE,ツガル,18
526,Everlasting Resort,ONLY ONE ANTHEM,SUPER STAR 満-MITSURU-,18
527,Fantasia,HYPER FANTASIA,TЁЯRA,18
528,Golden Palms,NU DISCO,Dirty Androids,18
529,I FIGHT ME,DRUM & BASS,kobo feat. Marsha,18
530,Kailua,ENERGETIC HAWAIIAN TRANCE,kors k,18
531,Let The Track Flow,UK HARDCORE,Brisk & Ham,18
532,Love km,HAPPY CORE,dj TAKA feat. REN,18
533,Medicine of love,MAGICAL POP,イロハ＆リリナ,18
534,Mermaid girl,BUBBLEGUM DANCE,Cream puff,18
535,Never Fade Away,IIDX HANDZ UP!!,Sota Fujimori feat. dj MAX STEROID,18
536,PARADISE LOST,TRANCE CORE,Ryu☆ Vs. L.E.D.-G,18
537,passionate fate,HANDZ UP,Ryu☆,18
538,perditus†paradisus,ANTHEM CORE,iconoclasm,18
539,Programmed Life,PSY TRANCE(FULL ON),kors k,18
540,reunion,CYBER WALTZ,Tatsh,18
541,Rock Da House,UK HARDCORE,M-Project fw. GUHROOVY,18
542,SABER WING,SHOOTING WALTZ,TAG,18
543,Sakura Reflection,HAPPY HARDCORE,Ryu☆,18
544,sakura storm,HAPPY HARDCORE,Ryu☆,18
545,Session 9 -Chronicles-,ROCKIN´ DRUM´N´BASS,PRASTIK DANCEFLOOR,18
546,Space Time,ENERGETIC TRANCE,NISH,18
547,SPECIAL SUMMER CAMPAIGN!,BUCHIAGE TRANCE,Lucky Vacuum,18
548,Stay my side,R&B,DJ Yoshitaka feat.RINA,18
549,STELLAR WIND,HARD DANCE,L.E.D.,18
550,THE BLACK KNIGHT,GOA TRANCE,L.E.D.,18
551,THE DOOR INTO RAINBOW,TRANCE,L.E.D.,18
552,THE FALLEN,GOTH NU-STYLE GABBA,L.E.D.-G,18
553,Tropical April,VACATION DANCE,Risk Junk,18
554,Vermillion,PSYCHE FUSION,Mystic Moon,18
555,Watch Out Pt.2,TECH-BREAKBEATS,DJ Mass MAD Izm* VS.DJ Yoshitaka,18
556,WE LOVE SHONAN,SURF＆DUB,Studio Bongo Mango feat. Likkle Mai,18
557,WISE UP!,RESORT HOUSE,木之下慶行 feat.星野奏子,18
558,Wuv U,CANDY RAVE,kors k,18
559,XANADU OF TWO,DANCE POP,T.Kakuta With Starving Trancer＋森永真由美,18
560,ZETA～素数の世界と超越者～,IDM,Zektbach,18
561,おおきなこえで,WORLD/POPS,猫叉Master feat.Sana,18
562,かげぬい ～ Ver.BENIBOTAN ～,NATSU MATSURI,CULTVOICE by S.S.D.PRODUCTS,18
563,黒髪乱れし修羅となりて,撫子メタル,村正クオリア,18
564,灼熱Beach Side Bunny,BROKEN SAMBA BREAK,DJ Mass MAD Izm*,18
565,旅人リラン,ELECLORE,XOGO BRYKK,18
566,中華急行,HAPPY HARDCORE,Ryu☆,18
567,夕焼け ～Fading Day～,AURAL ADRENALINE,JAKAZiD,18
568,A MINSTREL ～ ver. short-scape ～,LA FABELO,KANTASIA by S.S.D. PRODUCTS,19
569,Almace,TECHNO,Qrispy Joybox,19
570,ANAGRAMS I to Y,DANCE POP,Mayumi Morinaga,19
571,BLACK.by X-Cross Fade,TECH-BREAKBEATS,DJ Mass MAD Izm*,19
572,CALL,WORLD/ELECTRONICA,猫叉Master,19
573,Castle on the Moon,DANCE SPEED,青龍,19
574,Change the World,SPEED POP,Tatsh feat.小田ユウ,19
575,DIAVOLO,TRANSCENDENTAL ETUDES,度胸兄弟,19
576,Drive Me Crazy,AKIBA RAVE,kors k feat.古川未鈴,19
577,Express Emotion,J-CORE,REDALiCE feat. Shihori,19
578,F,RENAISSANCE,D.J.Amuro,19
579,fffff,HARD Pf,Five Hammer,19
580,Far east nightbird,DRUM'N'BASS,猫叉Master,19
581,Flip Flap,CANDY HANDZ UP,kors k,19
582,Follow Tomorrow,J-DANCE POP,HHH×MM×ST,19
583,HAERETICUS,ECCENTRIC,D.J.Amuro Vs MAX MAXIMIZER,19
584,I'm so Happy,HAPPY HARDCORE,Ryu☆,19
585,Infinite cave,DRUM'N'BASS,猫叉Master+,19
586,In the Blackest Den,PROGRESSIVE ROCK,Bulluvegola,19
587,LAX5 feat.Ryota Yoshinari,LOUD TECH,Katana Sounds,19
588,LETHEBOLG ～双神威に斬り咲けり～,PLATINUM J-POP ONE,TЁЯRA,19
589,Liquid Crystal Girl feat. echo,ELECTRO,kmp,19
590,LOVE B.B.B,DRUM'N'BASS,SWAN K feat. Asuka M,19
591,Lucky Days,DREAM TRANCE,Sota Fujimori feat. Kanako Hoshino,19
592,Mermaid girl-秋葉工房 MIX-,EUROBEAT,Remixed by DJ Command,19
593,Miami Sunset Drive,80's ELECTRO HOUSE,Dirty Androids,19
594,NNRT,ELECTRO GOTHIC,Levaslater,19
595,Phoenix,HARD NRG,Hommarju,19
596,prompt,NU PROGRESSIVE,w×s ft.*spiLa*,19
597,QUANTUM TELEPORTATION,TECHNO,L.E.D.,19
598,quaver♪,HAPPY,Risk Junk,19
599,Quick Silver,RAVE FUSION,Mystic Moon,19
600,Release The Music,TECH DANCE,kors k,19
601,RESISTANCE,MYSTERIOUS ROCK,セリカ,19
602,Round and Round,HYPER ELECTRO,Masayoshi Minoshima feat. 綾倉盟,19
603,SA.YO.NA.RA. SUPER STAR,ONLY ONE FINALE,SUPER STAR 満-MITSURU-,19
604,Scharfrichter,HARD ROCK,Ashemu,19
605,Several Words,VALIANT BEAT,CAPACITY GATE,19
606,SHADE,TECHNO,DJ MURASAME vs dj Killer,19
607,Snake Stick,TECH-BREAKBEATS,DJ Yoshitaka VS. DJ Mass MAD Izm*,19
608,Snow Goose,ELECTRIC POMP,Mutsuhiko Izumi,19
609,Star Trail,TRANCE,Nhato,19
610,The Limbo,CYBER PUNK,STN,19
611,The Sampling Paradise,HARD TRANCE,Mamonis,19
612,Thunderbolt,RAVERS DANCE SPEED,雷龍,19
613,TITANS RETURN,DRUMSTEP,L.E.D.,19
614,Todestrieb,SACRED TRANCE,Rche,19
615,Voxane,TECH DANCE,Remo-con,19
616,WONDER WALKER,HARD TRANCE,L.E.D.,19
617,YAKSHA,TERROR CORE,Neulakyussra,19
618,yellow head joe,TEK-TRANCE,S-C-U,19
619,Yellow Sunrise,DRUM'N'BASS,xac,19
620,24th Century BOY,EURO RAVE,Tatsh,19
621,532nm,HARDCORE,Ryu☆,19
622,蛇神,ORIENTAL MYTHOLOGY,Zektbach,19
623,陽炎,POP,星野奏子,19
624,君のハートにロックオン,トレンディーフュージョン,Dr.Honda,19
625,恋する☆宇宙戦争っ！！,Hi-BLEEP,Prim,19
626,子供の落書き帳,PROGRESSIVE,佐々木博史,19
627,衰色小町メランコリア,NEO CLASSICAL DANCE,iNO,19
628,聖人の塔,BATTLE TRACK,Beridzebeth,19
629,天空の夜明け,ANTHEM,Cuvelia,19
630,突撃!ガラスのニーソ姫!,電波,山本椛 (monotone),19
631,ビューティフルレシート,HAPPY HARDCORE,Lucky Vacuum,19
632,ユミル,SYMPHONIC-TEK,MYTHOLOGIA by MLREC.,19
633,Ascalon,ELECTRO POP,Qrispy Joybox,20
634,Beastie Starter,SPEEDCORE,GUHROOVY,20
635,BLUE STRAGGLER,HARD DANCE,L.E.D.,20
636,BRAVE GLOW,SPACY TRANCE,SOUND HOLIC feat. Nana Takahashi,20
637,CONCEPTUAL,HARD REVOLUTION,Sota Fujimori 2nd Season,20
638,Confiserie,HARD ELECTRIC POP,L.E.D. vs S-C-U,20
639,connective,LOUNGE POP,猫叉Master feat.*spiLa*,20
640,Cookie Bouquets,BREAK CORE,L.E.D. vs TOMOSUKE fw.crimm,20
641,DAY DREAM,DARK PROGRESSIVE,Mutsuhiko Izumi,20
642,Devilz Staircase,SYMPHONIC BREAK BEATS,OSTER project,20
643,Elemental Creation,HARD RENAISSANCE,dj TAKA meets DJ YOSHITAKA,20
644,examination leave,VACATION DANCE,dj razzle dazzle,20
645,FLOWER,TRANCE CORE,DJ YOSHITAKA,20
646,Fly you to the star,HANDZ UP,Another Infinity feat. Mayumi Morinaga,20
647,GAIA,SPEED DANCE,猫叉L.E.D.Master+,20
648,GRADIUS 2012,KONAMI REMIX,Sota Fujimori,20
649,Hollywood Galaxy,DRUM'N'BASS,dj TAKA,20
650,Howling,NU RAVE,PON,20
651,I know You know,NEW 80's,Suke+Suke feat.Ribbon,20
652,ILIAS,HYPER ELECTRO,Masayoshi Minoshima feat. 坂上なち,20
653,Illegal Function Call,ORBITALIC CORE,U1-ASAMi,20
654,In Heaven,HEAVENLY TRANCE,Sota Fujimori,20
655,JOMANDA,HARD RENAISSANCE,DJ YOSHITAKA,20
656,Liberation,TRANCE,dj TAKA,20
657,Light and Cyber…,HAPPY HARDCORE,Tatsh,20
658,Little Star,J-CORE,REDALiCE feat. Ayumi Nomiya,20
659,LUV CAN SAVE U,NEO 80's EURO ELECTRO,HIDEKI NAGANUMA,20
660,mnemoniq,JAZZ HOUSE,youhei shimizu,20
661,Neonlights,TECH DANCE,DJ Noriken,20
662,neu,NIENTE,少年ラジオ,20
663,New Decade IIDX Edition,SPEED DANCE CORE,Sota F.,20
664,New Lights,HARDCORE,kors k,20
665,Plan 8,HAPPY GABBA,Ryu☆,20
666,planarian,ELECTRIC POP,S-C-U,20
667,POINT ZERO,DRUM'N'BASS,猫叉Master+,20
668,Praludium,CLASSICAL PIANO,Yuko Takahashi,20
669,Proof of the existence,HARD ELECTRONICA,猫叉Master+,20
670,Rainbow after snow,DRUM'N'BASS,猫叉Master feat.林ももこ,20
671,Re:GENERATION,EMOTIONAL SENTENCE,TAG feat. ERi,20
672,rumrum triplets,LOUNGECORE,yu_tokiwa.djw,20
673,Saturn,PROGRESSIVE TRIBAL,Mr.Saturn,20
674,Shining World,ELECTRO POP,DJ Genki feat. Yukacco,20
675,SHION,HI-SPEED FANTASY TUNE,DJ YOSHITAKA,20
676,S!ck,DRUMSTEP,Eagle,20
677,Sol Cosine Job 2,FREEFORM HARDCORE,DJ TECHNORCH,20
678,STULTI,GRAVIOL,MAX MAXIMIZER VS DJ TOTTO,20
679,SYNC-ANTHEM,LATIN EURO,Tatsh feat. 星野奏子,20
680,Synergy For Angels,ORBITALIC REVOLUTION,TAG×U1-ASAMi,20
681,Take My Life,EUROBEAT,Y&Co.,20
682,Thor's Hammer,TRANSCENDENTAL ETUDES,ユニバーサル度胸兄弟,20
683,Timepiece phase II,PROGRESSIVE ROCK,佐々木博史,20
684,Timepiece phase II (CN Ver.),PROGRESSIVE ROCK,佐々木博史,20
685,Time To Empress,TRANCE,dj TAKA feat.wac & secret K,20
686,To my star,STARPOP,星野奏子,20
687,True Blue,ESSENTIALLY,dj TAKA feat.AiMEE,20
688,Valanga,ART CORE,DJ TOTTO,20
689,VALLIS-NERIA,TRANCE CORE,DJ YOSHITAKA,20
690,VEGA,UNIVERSAL J-CORE,REDALiCE,20
691,YELLOW FROG from Steel Chronicle,DESERT ALTERNATIVE EDGE,劇団レコード,20
692,ZED,DUB STEP,USAO,20
693,Zirkfied,SPACE REQUIEM,iconoclasm,20
694,405nm (Ryu☆mix),HARDCORE,Another Infinity,20
695,8bit Princess,CHIPTUNE,seiya-murai feat. ALT,20
696,ΕΛΠΙΣ,ROMANTIC SCHOOL VARIATIONS,dj TAKA,20
697,アストライアの双皿,ZODIAC ORACLE 7,ZODIACSYNDICATE,20
698,梅雪夜,想歌 梅,Qrispy Joybox feat.mao,20
699,お米の美味しい炊き方、そしてお米を食べることによるその効果。,お米タル,大日本鉄倶楽部【あさき＆96】,20
700,朧,FASCINATION,HHH×MM×ST,20
701,音楽,SILENT,弁士カンタビレオ,20
702,下弦の月,NEO CLASSICAL DANCE,iNO,20
703,カジノファイヤーことみちゃん,電波,ARM feat. 山本椛＋Brasscapsule,20
704,仮想空間の旅人たち,TECHNO,DJ MURASAME,20
705,キャトられ恋はモ～モク,Hi-ν BLEEP,ギュ～っとしたい♥Prim,20
706,狂イ咲ケ焔ノ華,Hi-GOTH,覚醒ノPrim,20
707,シュレーディンガーの猫,TOY CONTEMPORARY,Cait Sith,20
708,創世ノート,CREATOR,PON+wac,20
709,即席！脳直★ミュージックシステム,AKIBA-POP,MOSAIC.WAV,20
710,たまゆら,PROGRESSIVE,佐々木博史,20
711,トリカゴノ鳳凰,歌謡 DRUM & BASS,L.E.D. Vs. 幽閉サテライト,20
712,†渚の小悪魔ラヴリィ～レイディオ†(IIDX EDIT),Hi-CORE,夏色ビキニのPrim,20
713,メイメツ、フラグメンツ,CYBER SYMPHONIC POP,中山真斗(Elements Garden)feat.桜川めぐ,20
714,ラキラキ,LUCKY TECHNO,Mutsuhiko Izumi & S-C-U,20
715,龍と少女とデコヒーレンス,EPIC TECHNO,黒猫ダンジョン,20
716,Adularia,ARTCORE,DJ TOTTO,21
717,ALBA -黎明-,HYPER GOTHIC BEAT,SOUND HOLIC feat. Nana Takahashi,21
718,Ancient Scapes,DYNASTIC FREEFORM,Durandal,21
719,Atropos,NEUTRONICA,sasakure.UK,21
720,BLUE DRAGON(雷龍RemixIIDX),RAVERS DANCE SPEED,青龍,21
721,BRAINSTORM,TRANCECORE MEETS GABBA,Hardcore United Tokyo(teranoid & DJ TECHNORCH),21
722,BRAVE OUT,ELECTRANCE,nomico / DOWNFORCE,21
723,Claiomh Solais,ILUZIO,DJ Yoshitaka VS S.S.D.,21
724,Cleopatrysm,PHARAO BEAM STEP,ピラミッ℃,21
725,Close the World feat. a☆ru,J-CORE,天叢雲剣,21
726,Critical Crystal,DANCE SPEED,青龍,21
727,Dark Fall,MASSIVE DANCE SPEED,黒龍,21
728,DARK LEGACY,DARK ELEMENT,BaSTeT,21
729,Devilz Sacrifice -贖罪の羊-,SYMPHONIC BREAK BEATS,OSTER project,21
730,diagram,GLITCH HOP,Expander,21
731,Elektrick U-Phoria,UK HARDCORE,DJ Noriken,21
732,Element of SPADA,HEALING POP,猫叉Master feat.霜月はるか,21
733,Engraved Mark,HAPPY SAD CORE,Ryu☆ ∞ Des-ROW,21
734,esrev:eR,EMOTIONAL SENTENCE,"TAG meets ""eimy""",21
735,EXTREME MACH COLLIDER,TECHNO,L.E.D.,21
736,Feel The Beat,HARDCORE RAVE,Falsion,21
737,Funny shuffle,JAG GLITCH,猫叉Master+,21
738,HYENA,BIG BEAT,Hommarju,21
739,Hypersonik,DRUM&BASS,Eagle,21
740,Idola,REPLICANT CORE,iconoclasm feat.GUMI,21
741,Immortal,J-CORE,DJ NAGAI,21
742,Insane Techniques,Hi-TECH FULL ON,kors k,21
743,INSOMNIA,FUNKOT,ジャカルタファンクブラザーズ,21
744,into the battlefield,SYMPHONIC BREAKS,the wandering bard,21
745,invoker,TRIBE CORE,Caladborg,21
746,I will be back -オレは帰ってきた-,ONLY ONE MOMENT,SUPER STAR 満-MITSURU-,21
747,KAISER PHOENIX,HEAVY METAL,96,21
748,KHAMEN BREAK,PROGRESSIVE GOSPEL,くふおー,21
749,LA FESTA LA VITA!!,DRUM'N'BASS,GUHROOVY,21
750,Last Dance,HARD STACC,dj TAKA,21
751,Lighting Shower,TRANCE POP,TAG,21
752,MAD ATTACK,UPBEAT,HALFBY,21
753,MAGIC & LOVE,HAPPY CORE,DJ Genki feat. Yukacco,21
754,M.D.Injection,PIECED DOWNBEAT,Project B-,21
755,m1dy Deluxe,TOKYO STYLE SPEEDCORE,m1dy,21
756,Miracle 5ympho X,FRENCHCORE,USAO,21
757,NPC World,ELECTRO POP,PON,21
758,Odin,GABBER,Noizenecio,21
759,Overload Frontier,HARDCORE RAVE,DJ Shimamura,21
760,Pharaoh,ANCIENT CIVILIZATION,劇団レコード,21
761,PUNISHER,VARIANT RAVE,TAG×PON,21
762,ra'am,RAVERS DANCE SPEED,雷龍,21
763,rainbow guitar weeps,BRIGHTNESS,dj TAKA,21
764,Recollection,POPS,Noria,21
765,refractive index,PSYCHEDELIC TRANCE,Sota Fujimori,21
766,RISE,DRUMSTEP,Dirty Androids,21
767,RIZING YOU UP,HAPPY HARDCORE,Ryu☆,21
768,SCHWARZSCHILD FIELD,FULL ON,L.E.D.,21
769,Sigmund,REQUIEM PSY,Gram,21
770,Squeeze,WITHOUT YOU TONIGHT -VI-,VENUS feat. Mutsuhiko Izumi,21
771,THE DETONATOR,NU STYLE GABBA,teranoid VS L.E.D.-G,21
772,Unicorn tail,BREAKBEATS TRANCE,DJ YOSHITAKA,21
773,Valgus,MAINSTREAM HARDCORE,DJ Myosuke feat.yukacco,21
774,Verflucht,HARD NRG,Tyrfing,21
775,VOX UP,ROTTERDAM TECHNO,sampling masters MEGA vs 青龍,21
776,Wonder Girl feat. Kanae Asaba,EUROBEAT,Y&Co.,21
777,IX,BLOOD METAL,dj TAKA VS DJ TOTTO feat.藍,21
778,ATHER,ASTRAL HARDCORE,TAG underground,21
779,アルストロメリア,BLOOM FUSION,TAG,21
780,お願いアインシュタイン,CYBER SYMPHONIC POP,中山真斗 feat.桜川めぐ,21
781,幻想系世界修復少女,J-POP,Last Note.,21
782,疾風迅雷,ORIENTAL CORE,KUMOKIRI,21
783,旋律のドグマ～Miserables～,JUVENILE DRUM & BASS,楓璃夢=ジークフリード=ファイエルローゼン,21
784,超!!遠距離らぶメ～ル,乙女EDM,ななひら,21
785,罪と罰,HYPER J-POP,Xceon feat. Mayumi Morinaga,21
786,デッドボヲルdeホームラン,ELECTRIC MANOUSH SWING,猫叉Masterβ2,21
787,轟け！恋のビーンボール！！,ベースボールヒロイン,ダイナミック野球兄弟 v.s. クロスファイヤーPrim,21
788,廿,新世紀進歩的羽扇子音楽,DJ TECHNORCH,21
789,バンブーソード・ガール,J-SPEEDMETAL,cosMo@暴走P,21
790,牧神笛吹きて,ZODIAC ORACLE X,楽士ゾディアック,21
791,煉獄のエルフェリア,HARD SYMPHONIC,猫叉Master+,21
792,海神,HYDRO CORE,兎々,21
793,AFRO KNUCKLE,AFRO-SAMBA,猫叉Master+,22
794,Amnolys,ART CORE,onoken,22
795,Beat Radiance,NEO CLASSICAL DANCE,iNO,22
796,Beyond The Earth,WORLD/ELECTRONICA,猫叉Master,22
797,Blaze it UP!,HARDCORE RAVE,DJ Shimamura,22
798,BLUE MIRAGE,NU STYLE GABBA,DJ CHUCKY,22
799,Broken Sword,DUAL ANTIQUE,金獅子 VS 麒麟,22
800,Chain of pain,FULL ON,kors k VS 猫叉Master+,22
801,chrono diver -fragment-,HEALING DRUM'N'BASS,猫叉Master feat.三澤 秋,22
802,CHRONO DIVER -NORNIR-,CYBER DRUM & BASS,L.E.D.,22
803,Chrono Diver -PENDULUMs-,CHRONO BREAKS,猫叉L.E.D.Master＋,22
804,Chronos,PROGRESSIVE,TAG,22
805,cinder,MAELSTROM,PHQUASE,22
806,COLOSSEUM,LOST GROUND,劇団レコード,22
807,Cosmic Cat,FUTURE BASS,8bit Moonside,22
808,Despair of ELFERIA,HARD IRISH SYMPHONIC,猫叉Master,22
809,EBONY & IVORY,RAGTIME CHIPTUNE,OSTER project,22
810,entelecheia,SACRED TRANCE,Rche,22
811,Erosion Mark,FALLIN APART CORE,kors k REASM Des-ROW,22
812,fallen leaves -IIDX edition-,WORLD/ELECTRONICA,猫叉Master,22
813,FANTASTIC THREE,DUB COMEDY,ジャカルタファンクブラザーズ,22
814,Flashes,DRUM'N'BASS,Dollscythe,22
815,Gravigazer,PROGRESSIVE SCHRANZ,DJ TOTTO,22
816,GUILTY,TECHNO,D.J.SETUP,22
817,HELL SCAPER -Last Escape Remix-,GABBAH,Remixed by DJ TECHNORCH fw.GUHROOVY,22
818,Hello Happiness,HAPPY HARDCORE,P*Light feat. mow*2,22
819,illuminate,SYNTHETIC EDM,Sota Fujimori,22
820,IMPLANTATION,GOA TRANCE,TOMOSUKE,22
821,In The Breeze,HYBRID,96 & Sota ft. Mayumi Morinaga,22
822,IXION,PSYCHEDELIC TRANCE,L.E.D.,22
823,Line 4 Ruin,ELECTRO TECH,Ryu☆,22
824,Ludus In Tenebris,LIAISON,Akhuta,22
825,m1dy Festival,TOKYO STYLE SPEEDCORE,m1dy,22
826,Monopole.,ARTCORE ROCK,cosMo＠暴走P,22
827,NEO GENERATOR SEVEN,MAINSTREAM HARDCORE,L.E.D.-G,22
828,Night sky,PUMPCORE,USAO,22
829,No Tears,HARD EDM,RoughSketch feat.Aikapin,22
830,On My Wings(Hardstyle IIDX),HARDSTYLE,kors k,22
831,PENDUAL TALISMAN,SYSTEM BGM,猫叉L.E.D.Master,22
832,Rave Saves You feat. Cardz (Exclusive IIDX Mix),HARD DANCE,REMO-CON,22
833,Rave*it!! Rave*it!!,EDM SPEED,機龍,22
834,Realize Maze,SOLITUDE,movies (moimoi×Xceon×Dai.),22
835,Reflux,TRANCESTEP,Eagle,22
836,Sakura Mirage,CHIPCORE,Ryu☆,22
837,SAMSARA,DIMENSION WAVE,SOUND HOLIC feat. Nana Takahashi,22
838,Say YEEEAHH,EDM,kors k,22
839,Scarlet Moon,J-CORE,REDALiCE feat. Ayumi Nomiya,22
840,Scars of FAUNA,WORLD/ELECTRONICA,猫叉Master,22
841,Shooting Fireball,MUSIC GAME TRADITIONAL,dj TAKA,22
842,Sounds Of Summer,UK HARDCORE,Hommarju,22
843,SpaceLand☆TOYBOX,RAGTIME FUTURE POP,OSTER project,22
844,Sweet Radar,ELECTRO POP,DJ Genki feat. Yukacco,22
845,Symmetry,EPIC ELECTRONICA,猫叉Master,22
846,TA・DA ☆ YO・SHI,EUROBEAT,Y&Co.,22
847,The Least 100sec,PROGRESSIVE,Sasaki Hirofumi,22
848,TIEFSEE,DEEP SPECTRUM,SOUND HOLIC Vs. dj TAKA feat. YURiCa,22
849,TOXIC VIBRATION,MELODIC SPEED METAL,SOUND HOLIC Vs. T.Kakuta feat. YURiCa,22
850,Vulkan,GYPSYCORE,Hommarju,22
851,We're so Happy (P*Light Remix) IIDX ver.,HAPPY HARDCORE,Remixed by P*Light,22
852,ZZ,INTELLIGENCE,D.J.Amuro,22
853,妖隠し -あやかしかくし-,DRUM'N'WALTZ,DJ TOTTO feat.3L,22
854,十六夜セツナ,HYPER J-POP,Xceon feat.Mayumi Morinaga,22
855,鬼天,ASURA TEK CORE,兎々,22
856,共鳴遊戯の華,ASTRAL DRUM & BASS,アイテール魔導士隊,22
857,恋は白帯、サンシロー,KANA-POP,星野奏子,22
858,時空トラベローグ,TIME TRIP JAZZ,SWING HOLIC feat. A～YA,22
859,少年は空を辿る,ムラクモ,Power Of Nature,22
860,白露の風,想歌 風,Qrispy Joybox feat. 常盤ゆう,22
861,千年ノ理,WORLD/ELECTRONICA,猫叉Master,22
862,全力 SPECIAL VACATION!! ～限りある休日～,HAPPY VACAY CORE,DJ GW,22
863,それは花火のような恋,Hi-歌謡コア,夏色バーニングラブ☆Prim,22
864,打打打打打打打打打打,JAPANESE TRADITIONAL,ヒゲドライバー join. SELEN,22
865,超青少年ノ為ノ超多幸ナ超古典的超舞曲,PIECED EUPHORIA,Project B-,22
866,デンドロビウム,BLOOM FUSION,TAG,22
867,ドッキン☆サマーあばんちゅーる,ドタバタ☆夏休み,L.E.D.-G + Qrispy Joybox + ARM feat. ななひら,22
868,取り残された美術(Arranged:HiZuMi),HYPER J-POP,幽閉サテライト feat. senya,22
869,とろぴかる倶楽部,TROPICAL,HALFBY,22
870,夏色DIARY - L.E.D.-G STYLE MIX -,HAPPY SUMMER CORE,猫叉王子 feat.L.E.D.-G,22
871,パ→ピ→プ→Yeah!,電波ソング,ヒゲドライバー join. shully & Nimo,22
872,表裏一体！？怪盗いいんちょの悩み,Hi-FUNK BREAKS,◇◆噂の怪盗少女 ぷらずま★彡Prim◇◆,22
873,ぷろぐれっしぶ時空少女！うらしまたろ子ちゃん！,ぷろぐれっしぶ電波,ARM(IOSYS) feat. 山本椛,22
874,ベィスドロップ・フリークス,A-STYLE DRUMSTEP,かめりあ feat. ななひら,22
875,紅牡丹,J-CORE,DJ NAGAI feat. a☆ru,22
876,もっと！モット！ときめき feat. 松下,きらめきコア,シャイニング度胸兄弟,22
877,リリーゼと炎龍レーヴァテイン,OLDSTYLE GAMEMUSIC,黒猫ダンジョン,22
878,#The_Relentless,DUBCORE,DJ Noriken,22
879,Ｘ↑Ｘ↓,新世紀進歩的羽扇子音楽,DJ TECHNORCH,22
880,Discloze,Hi-TECH PSYTRANCE,lapix,22
881,Invitation from Mr.C,HOLIC,C-Show,22
882,Acid Pumper,HARD DANCE,ni-21,23
883,Angelic Jelly,HAPPY で HARDCORE,t+pazolite,23
884,AO-1,DANCE EXPRESS,電龍,23
885,Arcana,UPLIFTING TRANCE,Maozon,23
886,Aublia,POST J-TRADITIONAL,onoken feat. ALIAKE,23
887,Battle Train -IIDX Edition-,HARD DANCE,Sota Fujimori,23
888,Blue Spring Express,DREAM CORE,DJ Scratch & Bend,23
889,Central Station,FUTURE BASS,Recycle,23
890,chaos eater -IIDX edition-,HARD STEP,猫叉Master+,23
891,CODE:1 [revision1.0.1],TECHNO,HEXA,23
892,Daily Lunch Special,ラッキーハードコア,Lucky Vacuum,23
893,Damage Per Second,CYBER DRUMSTEP,Maozon,23
894,Derelict Star feat. Ryu*,HARD DANCE,Remo-con,23
895,Devil's Gear,MAINSTREAM HARDCORE,DJ Myosuke,23
896,DIAMOND CROSSING,HARD ELECTRIC POP,S-C-U vs L.E.D.,23
897,do the thing feat. Kanae Asaba,EDM,MK,23
898,Donkey Donk,DONK,Ryu☆,23
899,Dreamin Train,J-CORE EXPRESS,DJ NAGAI feat. Ayumi Nomiya,23
900,Dynamite,HYBRID TWERK,USAO,23
901,Everlasting Last,J-DANCE POP,HHH×MM×ST,23
902,Exchange Place,FUTURE JERSEY,Dirty Androids,23
903,GENERATE feat.綾倉盟,ELECTRONIC DANCE,Masayoshi Minoshima,23
904,GET READY!!,HARDCORE RAVE,DJ Shimamura,23
905,Glitch Nerds,GAMER'S ELECTRO/COMPLEXTRO,かめりあ,23
906,Go Faraway,TRAPSTYLE,DJ Noriken feat. Yukacco,23
907,GOBBLE,CANTERBURY&BEAT,Kimitaka Matsumae,23
908,Godspeed,JOINT WORK,dj TAKA xxx 猫叉Master xxx L.E.D.,23
909,Grand Chariot,HARD ART CORE,xi,23
910,Highcharge Divolt,BEMANIZED DIGITAL ROCK,HuΣeR,23
911,Inner Spirit,HiTECH FULLON,lapix,23
912,Journey,WORLD/ELECTRONICA,猫叉Master,23
913,Konzert V,JUNGLE CLASSIC,Remo-con vs. dj TAKA,23
914,La dolce primavera,PRIMAVERA JAZZ WALTZ,OSTER project,23
915,m1dy Dynamic,TOKYO STYLE SPEEDCORE,m1dy,23
916,M4K3 1T B0UNC3,HDM,kors k,23
917,Musik LoverZ,HARDSTYLE,RoughSketch,23
918,NANAIRO,METAL POPS,LIQU@。,23
919,Nightmare before oversleep,SORROW STEP,猫叉Master,23
920,NINJA IS DEAD IIDX ver.,SHINOBI SPEED,P*Light,23
921,NO LIMIT -オレ達に限界は無い-,ONLY ONE DANCE MUSIC,SUPER STAR 満-MITSURU- vs. 伝説のダンサー マイク,23
922,Nowhere,ELECTRO TRANCE,Nhato,23
923,NZM,END ROLL,The 4th,23
924,On the FM,RADIO SHOWCASE,C-Show,23
925,Outbreak,FRENCHCORE,USAO,23
926,OUTER LIMITS ALTERNATIVE,HARDCORE,L.E.D.-G,23
927,POSSESSION,PSYCHIC FLASH,TAG underground,23
928,quick master (reform version),J-TEKNO,youhei shimizu,23
929,refrain,TRANCE,dj TAKA feat.AiMEE,23
930,Ride To The Core,J-CORE,GUHROOVY feat. NO+CHIN & Yuki,23
931,Rock It,HARDCORE,Hommarju,23
932,Routing,JAZZY-ELECTRO,かめりあ,23
933,SEITEN NO TERIYAKI,CHAOTIC SPEEDCORE,Kobaryo,23
934,Sephirot,TRANCE,SHIKI,23
935,Set U Free feat. Kanae Asaba,HARD TRANCE,Y&Co.,23
936,SHELTER OF THE MIND,ROCKIN´ DRUM&BASS,YURiCa/花たん,23
937,STARLiGHT,DANCE SPEED GOLD,星龍,23
938,STARLIGHT DANCEHALL,HAPPY EMOTION,P*Light,23
939,StrayedCatz,FANTASY,削除,23
940,Super Duper Racers,HARDCORE,kors k & Numb'n'dub,23
941,SURVIVOR,GRAVITY POP,SOUND HOLIC Vs. ZYTOKINE feat. Nana Takahashi,23
942,Tori-no-kimochi,WORLD/ELECTRONICA,猫叉Master+,23
943,To The Paradise,EDM,DJ Genki feat. SHIN from HYPERNOVA,23
944,Transport,TECH-TRANCE,Sota Fujimori,23
945,Triple Counter,RISK + VACUUM,DJ YOSHITAKA meets dj TAKA,23
946,Uh-Oh,CANDY RAVE,kors k,23
947,Violet Pulse,GLITCH ELECTRO,G.K,23
948,Violet Rose,LATIN JAZZ TRIO,OSTER project,23
949,Welcome,HARDCORE,Uraken,23
950,Wheel of Journey,ETHNIC,Vivian,23
951,X,RENAISSANCE,D.J.Amuro,23
952,ZEPHYRANTHES,BLOOM CORE,TAG,23
953,199024club -Re:BounceKiller-,TECH BREAKBEATS,DJ Mass MAD Izm*,23
954,朝焼けから始まるボクらの小さな旅,ARTCORE ROCK,cosMo＠暴走P,23
955,紫陽花 -AZISAI-,ORIENTAL TECHDANCE,Camellia Vs. Expander,23
956,麗 ～うらら～,WINTER GLOW,SOUND HOLIC feat. Nana Takahashi,23
957,駅猫のワルツ,にゃんコア,ミニョンヌ鉄道兄弟,23
958,オルタネイトβ,HYPER J-POP,Xceon feat. Mayumi Morinaga,23
959,か・し・ま・し☆PUMP UP！,SUMMER WORKOUT,miko,23
960,ギョギョっと人魚 爆婚ブライダル,Hi-RESORT電波,海の底からマーメイド♨Prim by ARM×狐夢想,23
961,炸裂！イェーガー電光チョップ！！(JAEGER FINAL ATTACK),HARDSTYLE,L.E.D.,23
962,灼熱 Pt.2 Long Train Running,BROKEN SAMBA BREAK,DJ Mass MAD Izm*,23
963,シュッパツシンコウ・シサカンコ,KANA-POP,星野奏子,23
964,少女アリスと箱庭幻想コンチェルト,空想ファンタジーシリーズ,DJ TOTTO,23
965,真 地獄超特急 -HELL or HELL-,新世紀進歩的羽扇子音楽,DJ TECHNORCH Vs. L.E.D.Light-G,23
966,セロトニン,ORBITALICTRO,U1 overground,23
967,太陽SUNSUNボンジュールアバンチュール,PIECED SUNDAY,Project B-,23
968,追想快晴テーマパーク,FUTURE E-POP,PHQUASE,23
969,星屑ディスタンシア,GLITCH JAZZ,ARM feat. 普透明度 + Brasscapsule,23
970,明鏡止水,禅ジャズ,TOMOSUKE feat. あさき,23
971,めいさいアイドル☆あいむちゃん♪,電波デステクノ,DJ SHARPNEL feat. みらい,23
972,量子の海のリントヴルム,エピックプログレ,黒猫ダンジョン,23
973,Affection,HARD DANCE,ni-21,24
974,Amazing Mirage,HiTECH FULLON,lapix,24
975,AsiaN distractive,WORLD,猫叉劇団,24
976,Be A Star,ALTERNATIVE TECHNO POP,PHQUASE feat.ぁゅ,24
977,Believe in you,HARDCORE RAVE,DJ Shimamura feat. Renna,24
978,Beyond The Seven,TRANCE,Nhato,24
979,BREAK OVER,FESTIVAL SOUND,MASAYOSHI IIMORI,24
980,crew,ANTHEM,beatnation Records,24
981,DISAPPEAR feat. koyomin,EMOTIONAL HI-TECH,DJ Genki,24
982,elemental bender feat. Kanae Asaba,EDM,MK,24
983,Magical,KAWAII FUTURE BASS,Snail's House,24
984,Modular Technology,TECHNO,Sota Fujimori,24
985,Music is The Answer,TURBOFUNK,C-Show,24
986,nostos,NOSTALGIA,Setaria Virtuoso,24
987,OOO,BUBBLEGUM DANCE,Ryu☆ feat.moimoi,24
988,OTENAMI Hurricane,POP BREAKCORE,t+pazolite,24
989,PAPAYAPA BASS,MONDO-GROOVE BASSHOUSE,かめりあ feat. ななひら,24
990,Remedy feat. Kanae Asaba,哀愁EUROBEAT,Y&Co.,24
991,ROTTERDAM SHOGUN,RDM,ABDI from ジャカルタファンクブラザーズ,24
992,Sarutobi Champion is 拙者,PIECED MAKIBISHI,Project B-,24
993,SAY BAY,SHINOBI RAVE,P*Light,24
994,Seaside Labyrinth,80's SYNTH FUNK,Dirty Androids,24
995,Seize the Day,FUTURE BASS,DJ'TEKINA//SOMETHING feat.yuyoyuppe,24
996,Selfish Sweet,R&B,OSTER project feat. かなたん,24
997,shuriken,CHIPTUNE,ヒゲドライバー,24
998,SINOBUZ Fantasy,CANDY ROCK,Noria,24
999,Summer,DANCE MUSIC,banvox,24
1000,Super Rush,HARDTEK,kors k,24
1001,Sweet Clapper,J-POP,livetune+,24
1002,The Commanders,HARDSTYLE,USAO,24
1003,(This Is Not) The Angels,BIG BEAT/BREAKBEATS,Hommarju,24
1004,TOGAKUSHI,HARD TRANCE,SETUP,24
1005,Umbral,UPLIFTING TRANCE,Maozon,24
1006,XINOBIKILL,CYBER JAZZSTEP,SOUND HOLIC feat. Nana Takahashi,24
1007,お命ちょうDAI！901娘,演歌ブレイクス,DJ SHARPNEL feat. みらい,24
1008,鴉,CROSSBREED,L.E.D.-G,24
1009,獅子霞麗ノ舞,DRAMATIC WALTZ,HuΣeR,24
1010,忍恋花,忍歌,黒脛,24
1011,次葉 -turn the page-,POP ROCK,小寺可南子,24
1012,ちらちら・はらはら,ACEDIA,NU-KO,24
1013,火影,HIP HOP,RoughSkreamZ feat.楽天斎,24
1014,冬椿 ft. Kanae Asaba,HYPER ENKA POP,Xceon,24
1015,#MAGiCVLGiRL_TRVP_B3VTZ,NEON/TWERKCORE,DJ Noriken,24
1016,!Viva!,TRIBAL HOUSE,Ryu*,24
1017,Surf on the Light,ELECTRO FUSION,Tomoyuki Uchida,24
1018,Around The Galaxy,UPLIFTING TRANCE,NISH,24
1019,BabeL ～Grand Story～,SPIRAL STAIRS,Ako Atak,24
1020,Breakin' Chain,MOOMBAHCORE,REDALiCE feat. MONICO,24
1021,Go Ahead!!,TRANCE CORE,Ryu☆ Vs. Sota,24
1022,HADES,HARDSTYLE,Massive New Krew,24
1023,SAMURAI-Scramble,TECH BREAKBEATS,DJ Mass MAD Izm*,24
1024,SCREAM THE LIFE FEAT.KYONO,ROCK,DJ BAKU,24
1025,SEQUENCE CAT,TECHNO,SLEDLAKE (SLAKE & L.E.D.),24
1026,Sky High,ANTHEM,Cuvelia,24
1027,Steel Edge,DRUM&BASS,Maozon,24
1028,Yellow Sketch(RX-Ver.S.P.L.),ALTERNATIVE ELECTRO,高田雅史,24
1029,イザナミノナゲキ,WORLD/ELECTRONICA,猫叉Master,24
1030,焔極OVERKILL,HARDCORE,RoughSketch Vs. L.E.D.-G,24
1031,禍根,ORBITALIC FUTURE BASS,U1 overground,24
1032,九尾狐夜行,ORIENTAL FUSION,天狐,24
1033,津軽雪,MICHINOKU,罠師 VS 安室,24
1034,〆,HiTECH,lapix,24
1035,AO-∞,DANCE SPEED,青龍,24
1036,BroGamer,SUPER ULTIMATE HYPER CORE,USAO,24
1037,Caterpillar,HARD TRAP,Eagle,24
1038,DORNWALD ～Junge～,ARCHAIC TALE EP1,DJ TOTTO,24
1039,Egret and Willow,FUTURE BEATS,Dirty Androids,24
1040,FUZIN RIZIN,HYPER DIGIMETAL,SOUND HOLIC feat. Nana Takahashi & 709sec.,24
1041,GuNGNiR,REQUIEM PSY,Gram,24
1042,Honey Trap,HYPER TRAP,Expander,24
1043,HAPPY★RUSH,HAPPY,P*Light,24
1044,Macuilxochitl,PIANO CONTEMPORARY,TOMOSUKE,24
1045,Mare Nectaris,EXPERIMENTAL,神楽,24
1046,Piano Samurai,BEAT PIANO MUSIC,maras k(marasy＋kors k),24
1047,Quakes,HARD BREAK BEATS,dj Hellix,24
1048,RISING FIRE HAWK,HARDSTYLE,L.E.D.-G,24
1049,Shoot'Em All,DETROIT TECHNO,Manabu Namiki,24
1050,Summerlights(IIDX Edition),HARDCORE RAVE,DJ Noriken,24
1051,Warrior,MAINSTREAM HARDCORE,DJ CHUCKY feat. Jonjo,24
1052,月雪に舞う華のように,FOREST SNOW,猫叉Master,24
1053,ディッシュウォッシャー◎彡おいわちゃん,ネオスカ電波,ARM×狐夢想 feat. 山本椛,24
1054,Beat Juggling Mix,DJ BATTLE,Hommarju,24
1055,ECHIDNA,HYBRID BUCHIAGE TRANCE,HuΣeR,24
1056,INVISIBLE STRIX,NEUROFUNK,L.E.D.,24
1057,RAIN,TRANCE,dj TAKA,24
1058,Rave Cannon,SPEED RAVE,kors k,24
1059,Snakey Kung-fu,ASIAN CONTEMPORARY,金獅子 vs 麒麟 feat. 獏,24
1060,yamabiko (SINOBUZ Edition),夏の夕暮れと、DUBSTEP。,かめりあ,24
1061,刃図羅,LAST ARTS,猫叉Master vs HuΣeR,24
1062,Apocalypse,EPIC D'N'B,Morrigan feat. リリィ,24
1063,Cyber True Color,DREAM COLLABORATION,kors k vs Sota Fujimori,24
1064,Lost wing at.0,DRUM'N'BASS,猫叉Master+,24
1065,Venom,JUMP UP/HARDCORE,kors k vs L.E.D.-G,24
1066,Vermilion,HARD HOUSE,Remo-con,24
1067,恋はどう？モロ◎波動OK☆方程式!!,理系ポップ,あべにゅうぷろじぇくと feat. 佐倉紗織 produced by ave;new,24
1068,童話回廊,空想ファンタジーシリーズ,DJ TOTTO,24
1069,Clione†,DUTCH TRANCE,kors k,25
1070,RIDE ON THE LIGHT (HI GREAT MIX) †,POWER FUSION,Mr.T,25
1071,KAMAITACHI†,FREEFORM HARDCORE,DJ TECHNORCH fw. GUHROOVY,25
1072,VANESSA†,DECEPTIVE GABBA,朱雀,25
1073,ICARUS†,NU-SKOOL BREAKBEATS HARDCORE,Eagle,25
1074,THE DEEP STRIKER†,NU STYLE GABBA,L.E.D.-G,25
1075,naughty girl@Queen's Palace†,TECH-BREAKBEATS,DJ Mass MAD Izm*,25
1076,THANK YOU FOR PLAYING†,ONLY ONE EPILOGUE,SUPER STAR 満-MITSURU-,25
1077,凛として咲く花の如く†,撫子ロック,紅色リトマス,25
1078,SOLID STATE SQUAD†,HARDSTYLE,kors k Vs. L.E.D.,25
1079,Golden Palms†,NU DISCO,Dirty Androids,25
1080,LUV CAN SAVE U†,NEO 80's EURO ELECTRO,HIDEKI NAGANUMA,25
1081,朧†,FASCINATION,HHH×MM×ST,25
1082,仮想空間の旅人たち†,TECHNO,DJ MURASAME,25
1083,Ancient Scapes†LEGGENDARIA,DYNASTIC FREEFORM,Durandal,25
1084,Close the World feat.a☆ru†LEGGENDARIA,J-CORE,天叢雲剣,25
1085,Feel The Beat†LEGGENDARIA,HARDCORE RAVE,Falsion,25
1086,invoker†LEGGENDARIA,TRIBE CORE,Caladborg,25
1087,Sigmund†LEGGENDARIA,REQUIEM PSY,Gram,25
1088,Verflucht†LEGGENDARIA,HARD NRG,Tyrfing,25
1089,疾風迅雷†LEGGENDARIA,ORIENTAL CORE,KUMOKIRI,25
1090,廿†,新世紀進歩的羽扇子音楽,DJ TECHNORCH,25
1091,Beat Radiance†,NEO CLASSICAL DANCE,iNO,25
1092,chrono diver -fragment-†,HEALING DRUM'N'BASS,猫叉Master feat.三澤 秋,25
1093,CHRONO DIVER -NORNIR-†,CYBER DRUM & BASS,L.E.D.,25
1094,Cosmic Cat†,FUTURE BASS,8bit Moonside,25
1095,EBONY & IVORY†,RAGTIME CHIPTUNE,OSTER project,25
1096,恋は白帯、サンシロー†,KANA-POP,星野奏子,25
1097,超青少年ノ為ノ超多幸ナ超古典的超舞曲†,PIECED EUPHORIA,Project B-,25
1098,Damage Per Second†,CYBER DRUMSTEP,Maozon,25
1099,STARLIGHT DANCEHALL†,HAPPY EMOTION,P*Light,25
1100,AA -rebuild-,RENAISSANCE,D.J.Amuro,25
1101,Abraxas,DUBSTEP,SYUNN,25
1102,ACCELERATE,SYNTH-TECH,Sota Fujimori,25
1103,Acidiva 303,HARD DANCE,ni-21,25
1104,Alpheratz,PIANO TRANCE,Xceon,25
1105,Amor De Verao,熱帯 THE BASS,かめりあ feat. ななひら,25
1106,Arca,GENESIS,"BEMANI Sound Team ""Akhuta Works""",25
1107,Back Spin Sweeper,WAGON WHEEL TRANCE,DJ TOTTO,25
1108,Battleground,SCHRANZ,kors k,25
1109,Best of Me,CYBER LIQUID FUNK,Maozon,25
1110,Break Stasis,DRUMSTEP/HARDCORE,Hommarju & Akira Complex,25
1111,ChaserXX,CYBERNETICS PIANO HOUSE,HuΣeR,25
1112,Chemical Cookie,FUTURE BASS,YUC'e,25
1113,COSMIC☆WONDER☆REVOLUTION,COSMIC POP,猫叉Master+,25
1114,DEADHEAT,HARDCORE,DJ Myosuke,25
1115,Exhaust Hype,HARD BASS HOUSE,DJ Noriken,25
1116,FREEDOM,HYPER DUBSTEP,USAO,25
1117,FUTURE is Dead,HOLIC,C-Show,25
1118,Get Up! feat. Kanae Asaba,TROPICAL HOUSE,MK,25
1119,HAT TRICK,HANDZ STYLE,P*Light,25
1120,Hella Deep,FREE STYLE,MASAYOSHI IIMORI,25
1121,I Love You,EURO TRANCE,O/iviA,25
1122,I'm Coming (2017 Version),ダンスミュージック,Pa's Lam System,25
1123,LUV DRIVE,POPCORE,RoughSketch feat.Aikapin,25
1124,Midnight Lady,NU 80's DISCO FUNK,Dirty Androids,25
1125,Mira,ALTERNATIVE FUGUE,Akhuta,25
1126,No Limit 2 dAnce feat. 大山愛未,HYPER TECHNO,Y&Co.,25
1127,Nothing but Theory,ULTRA JAZZFUNKTION,lapix,25
1128,O/D*20,TECHNO,Ryu*,25
1129,Only for now,PSYCHDELIC TRANCE,RINA SOUND PRODUCE:KAZUYA TAKASE,25
1130,SPEED,ROCK FUSION,"BEMANI Sound Team ""Mutsuhiko Izumi""",25
1131,SPEED DEMON,HARDTEK,GUHROOVY feat. NO+CHIN,25
1132,Static State,ELECTRO TRANCE,Nhato,25
1133,Temple of Anubis,PSYSTYLE,Massive New Krew,25
1134,THE CANNONBALLER,EUROBEAT,L.E.D. feat. YURiCa/花たん,25
1135,The Chase,TECH BREAKS,DJ Mass MAD Izm*,25
1136,UMMU,OSHARave,t+pazolite,25
1137,VOX RUSH,ROTTERDAM RAVE,青龍×sampling masters MEGA & sampling masters AYA,25
1138,Xperanza,HYBRID HARDCORE,aran,25
1139,1001 -ESCAPE-,JAZZ ROCK,SOUND HOLIC feat. Nana Takahashi,25
1140,エディブルフラワーの独白,HARD FRENCH,OSTER project feat. 常盤ゆう,25
1141,ハイ*ビスカス ft. Kanae Asaba,YANKEE CAR J TRANCE,Xceon,25
1142,純真可憐デザイア,EMOTIONAL ROCK,"BEMANI Sound Team ""HuΣeR"" feat.Fernweh",25
1143,共犯へヴンズコード,ELEGANT SWING,D-Evoke(与那嶺雅人/小日向翔),25
1144,ラストセンチュリーメランコリック,FUTURE J-POP,DJ Taku aka ☆Taku Takahashi (m-flo),25
1145,ナイトシティー・アヴァンチュール,歌謡ニューウェーブ,森永真由美,25
1146,草原の王女-軌跡を辿って-,JOURNEY SCENE,劇団レコード,25
1147,うさ☆かめ 大戦争！,プログレッシブ徒競走,ARM×狐夢想 feat. I've:柚子乃 & RINA,25
1148,Be a Hero!,DIGITAL THRASH PUNK,中島由貴,25
1149,神謳 -RESONANCE-,Hi-MYTH,SOUND HOLIC feat. Nana Takahashi Vs.GOD PHOENIX Prim,25
1150,NITROUS CANNON,MACHINEGUN PSYSTYLE,かめりあ,25
1151,パラドキシカル・タイムリープトライアル(Short Ver.),AKIBA-POP,MOSAIC.WAV,25
1152,2 Player,BEAT PIANO MUSIC,maras k/marasy×kors k,25
1153,FIRE BALL,SPEED STAR,"BEMANI Sound Team ""RACER-X""",25
1154,Beast mode,SPEED EURO,"BEMANI Sound Team ""TAG""",25
1155,Expanded !!,MIDDLE EASTERN TWERK,"BEMANI Sound Team ""Expander""",25
1156,"Son, not gabba now",GABBA,Y&Co.,25
1157,DEATH†ZIGOQ ～怒りの高速爆走野郎～,世紀末コア,"L.E.D.ALiCE(DJ NAGAI Vs. BEMANI Sound Team ""L.E.D.-G"")",25
1158,Usual Days-remix,DANCE POP,ota2,25
1159,バスルーム ロマンス,CLASSIC MOTIF,"BEMANI Sound Team ""Saori Watanabe""",25
1160,Boomy and The Boost,NEO JUNGLE,Eagle,25
1161,命の標本,STRANGE WORLD MUSIC,志方あきこ,25
1162,encounter,DRUM'N'BASS,猫叉Master+,25
1163,東京神話,ORBITALIC GABBER STEP,"DJ TECHNORCH feat.宇宙★海月 vs BEMANI Sound Team ""U1-ASAMi""",25
1164,SHOX,DRUM'N'BASS,RAM,25
1165,n'pa pa BBQ,FUTURE TERROR,YUC'e,25
1166,Rise Circuit,DRUM'N'BASS,COSIO,25
1167,Rampage,HARDCORE,USAO,25
1168,City Never Sleeps (IIDX Edition),DRUM&BASS,Dirty Androids,25
1169,The Revolution (VIP Mix),HDM,Scott Brown & M-Project,25
1170,シムルグの目醒め,NATURE,"BEMANI Sound Team ""DJ TOTTO"" feat.rionos",25
1171,HYPE THE CORE,GABBA,DJ CHUCKY,25
1172,"Life Is A Game ft.DD""ナカタ""Metal",UPTEMPO HARDCORE,RoughSketch,25
1173,ANAGMA,PSY TECH DANCE,C-Show,25
1174,Fervidex,ARTCORE,Feryquitous,25
1175,STARLIGHT JUNCTION,HEAV'NLY TRANCE,SOUND HOLIC feat. Nana Takahashi,25
1176,バ→ビ→ブ→Bomb!,電波ソング,ヒゲドライバー join. 新菜まこ & 松平なな,25
1177,Eine Haube ～聖地の果てにあるもの～,VELLUM,AIKO OI,25
1178,Initiation,00's TECHNO,"BEMANI Sound Team ""謎の勢力""",25
1179,255,HYPER SPEED RAVE,255,25
1180,From Time To Time,TECH HOUSE,sanodg,25
1181,Persephone,HARDSTYLE,Massive New Krew,25
1182,Around the Future,CYBERCORE,Maozon vs. C-Show,25
1183,Raspberry Railgun,PANIC FUSION,OSTER project,25
1184,Papilio ulysses,DRUMSTEP,"BEMANI Sound Team ""SYUNN""",25
1185,Illusionary Waterlily,EMOTIONAL RAVE EUPHORIA,DJ Noriken,25
1186,Slipstream,FUTURE CORE,lapix,25
1187,Antigravity,HARDCORE DANCE SPEED,t+pazolite,25
1188,EMERALDAS,IRREGULAR DJENT STEP,"BEMANI Sound Team ""HuΣeR vs dj Hellix""",25
1189,DUE TOMORROW,TECHNO,Mr.T,25
1190,HYPER BOUNDARY GATE,GOA TRANCE,L.E.D.LIGHT,25
1191,Y&Co. is dead or alive,90's RAVE,Y&Co.,25
1192,ハリツヤランデヴー,HOU-ROCK,Des-MASTERS,25
1193,madrugada,PROGRESSIVE HOUSE,PINK PONG,25
1194,LIGHTS ft. EVO+,EMO BREAKS,lapix,25
1195,SUNLiGHT (IIDX Mix),TRANCE SPEED,日龍,25
1196,REVOLVER,Hi-TECHDANCE,sky_delta,25
1197,DropZ-Line-,PUMPCORE,Getty vs. DJ DiA,25
1198,Sleepless days,THE WORLD EVOLVE,猫叉Master feat.Mayumi Morinaga,25
1199,MAXIVCORD,,"BEMANI Sound Team ""dj TAKA""",25
1200,Let's bounce !!,,"BEMANI Sound Team ""Sota F.""",25
1201,Howling†,NU RAVE,PON,25
1202,ABSOLUTE†,EPIC TRANCE,dj TAKA,25
1203,Amazing Mirage†,HiTECH FULLON,lapix,25
1204,龍と少女とデコヒーレンス†,EPIC TECHNO,黒猫ダンジョン,25
1205,RED ZONE†,SPEED RAVE,Tatsh&NAOKI,25
1206,CONTRACT†,SUBLIME TECHNO,朱雀,25
1207,Blue Rain†,TRANCE,dj TAKA VS Ryu☆,25
1208,冬椿 ft. Kanae Asaba†,HYPER ENKA POP,Xceon,25
1209,Little Little Princess†,PUNK OPERA,SHRINE 418,25
1210,QUANTUM TELEPORTATION†,TECHNO,L.E.D.,25
1211,spiral galaxy†,PSYCHEDELIC TECHNO,D.J.SETUP,25
1212,Kung-fu Empire†,ASIAN JANGLE,飛燕流舞,25
